file,md5,role,peak,temperature_C,power_mW,rf_on,bracket,repeat_idx,serves_t130,flag,session,block_seq,n_source_copies,source_paths,qc_reason
p_sweep/4121nm_125mw1.csv,1dc451c362fc2b795d3d3884b70aabe6,p_sweep,4121,130,125,False,,1,False,canonical,P,3,2,power/4121nm_125mw1.csv|power copy/4121nm_125mw1.csv,
p_sweep/4121nm_125mw2.csv,15e6878310dbbd81a3e937c2a986ca30,p_sweep,4121,130,125,False,,2,False,canonical,P,3,2,power/4121nm_125mw2.csv|power copy/4121nm_125mw2.csv,
p_sweep/4121nm_125mw3.csv,5303b227c4cc51e73f949d7531f32c0c,p_sweep,4121,130,125,False,,3,False,canonical,P,3,2,power/4121nm_125mw3.csv|power copy/4121nm_125mw3.csv,
p_sweep/4121nm_125mw4.csv,6297b628e468cbad9284b27fedbdc2c7,p_sweep,4121,130,125,False,,4,False,canonical,P,3,2,power/4121nm_125mw4.csv|power copy/4121nm_125mw4.csv,
p_sweep/4121nm_125mw5.csv,6e01ecff4ce1741294d740ec89f4745a,p_sweep,4121,130,125,False,,5,False,canonical,P,3,2,power/4121nm_125mw5.csv|power copy/4121nm_125mw5.csv,
p_sweep/4121nm_175mw1.csv,c6f54e6fa28b917667578df5982a2e80,p_sweep,4121,130,175,False,,1,False,canonical,P,4,2,power/4121nm_175mw1.csv|power copy/4121nm_175mw1.csv,
p_sweep/4121nm_175mw2.csv,4f475c46597e37798336b6ae12a83f3c,p_sweep,4121,130,175,False,,2,False,canonical,P,4,2,power/4121nm_175mw2.csv|power copy/4121nm_175mw2.csv,
p_sweep/4121nm_175mw3.csv,57290384591ad7c935078dbf3b1c4428,p_sweep,4121,130,175,False,,3,False,canonical,P,4,2,power/4121nm_175mw3.csv|power copy/4121nm_175mw3.csv,
p_sweep/4121nm_175mw4.csv,3ca1c5d8221538cdefe633d58b96b472,p_sweep,4121,130,175,False,,4,False,canonical,P,4,2,power/4121nm_175mw4.csv|power copy/4121nm_175mw4.csv,
p_sweep/4121nm_175mw5.csv,1c9dab46f40c7d354d05ccb27dfee43b,p_sweep,4121,130,175,False,,5,False,canonical,P,4,2,power/4121nm_175mw5.csv|power copy/4121nm_175mw5.csv,
p_sweep/4121nm_225mw1.csv,ffca1f8faf6ec8d707e831e10aac28f8,p_sweep,4121,130,225,False,,1,True,canonical,P,5,3,power/4121nm_225mw1.csv|power copy/4121nm_225mw1.csv|temperature/4121nm_130c1.csv,
p_sweep/4121nm_225mw2.csv,503de6ad22b34207a06d392de7403514,p_sweep,4121,130,225,False,,2,True,canonical,P,5,3,power/4121nm_225mw2.csv|power copy/4121nm_225mw2.csv|temperature/4121nm_130c2.csv,
p_sweep/4121nm_225mw3.csv,4408caf35233fe29dde7f2132f39b134,p_sweep,4121,130,225,False,,3,True,canonical,P,5,3,power/4121nm_225mw3.csv|power copy/4121nm_225mw3.csv|temperature/4121nm_130c3.csv,
p_sweep/4121nm_225mw4.csv,694455f98fd98273ba02c9eca399afad,p_sweep,4121,130,225,False,,4,True,canonical,P,5,3,power/4121nm_225mw4.csv|power copy/4121nm_225mw4.csv|temperature/4121nm_130c4.csv,
p_sweep/4121nm_225mw5.csv,3684c92257088b5eecb6605abc707822,p_sweep,4121,130,225,False,,5,True,canonical,P,5,3,power/4121nm_225mw5.csv|power copy/4121nm_225mw5.csv|temperature/4121nm_130c5.csv,
p_sweep/4121nm_025mw1.csv,8973952f797707e96f0d8d14c12b1aa6,p_sweep,4121,130,25,False,,1,False,canonical,P,1,2,power/4121nm_025mw1.csv|power copy/4121nm_025mw1.csv,
p_sweep/4121nm_025mw2.csv,5f5a3da270f534e179e9ba7e1447e395,p_sweep,4121,130,25,False,,2,False,canonical,P,1,1,power copy/4121nm_025mw2.csv,
p_sweep/4121nm_025mw3.csv,f847b46d09409f7dc5d3a61aee56428a,p_sweep,4121,130,25,False,,3,False,canonical,P,1,2,power/4121nm_025mw3.csv|power copy/4121nm_025mw3.csv,
p_sweep/4121nm_025mw4.csv,9ef8f6750f46b9ff70d97a748a51083c,p_sweep,4121,130,25,False,,4,False,canonical,P,1,1,power copy/4121nm_025mw4.csv,
p_sweep/4121nm_025mw5.csv,f2aa5eb09adf3c67d21f82debbf3592a,p_sweep,4121,130,25,False,,5,False,canonical,P,1,2,power/4121nm_025mw5.csv|power copy/4121nm_025mw5.csv,
p_sweep/4121nm_075mw1.csv,25e9b9fdf3740d0492f05b4a7660ae81,p_sweep,4121,130,75,False,,1,False,canonical,P,2,2,power/4121nm_075mw1.csv|power copy/4121nm_075mw1.csv,
p_sweep/4121nm_075mw2.csv,f1b173a843ddac5cd9eb82abec6ed32e,p_sweep,4121,130,75,False,,2,False,canonical,P,2,2,power/4121nm_075mw2.csv|power copy/4121nm_075mw2.csv,
p_sweep/4121nm_075mw3.csv,d301e82a0c3eff805b99da352016f869,p_sweep,4121,130,75,False,,3,False,canonical,P,2,2,power/4121nm_075mw3.csv|power copy/4121nm_075mw3.csv,
p_sweep/4121nm_075mw4.csv,984cc15fd806fee673bab70bcd0f680b,p_sweep,4121,130,75,False,,4,False,canonical,P,2,2,power/4121nm_075mw4.csv|power copy/4121nm_075mw4.csv,
p_sweep/4121nm_075mw5.csv,da3368c134272505936de53dd1913808,p_sweep,4121,130,75,False,,5,False,canonical,P,2,2,power/4121nm_075mw5.csv|power copy/4121nm_075mw5.csv,
p_sweep/4154nm_125mw1.csv,65836b21f66098b830eafb702493d349,p_sweep,4154,130,125,False,,1,False,canonical,P,3,3,power/4154nm_125mw1.csv|power copy/4154nm_125mw1.csv|raw/4154nm_125mw1.csv,
p_sweep/4154nm_125mw2.csv,4623aeb3ecaf9a507002d201feb35290,p_sweep,4154,130,125,False,,2,False,canonical,P,3,3,power/4154nm_125mw2.csv|power copy/4154nm_125mw2.csv|raw/4154nm_125mw2.csv,
p_sweep/4154nm_125mw3.csv,c1668f95e8a124d891f2355a3ff7f1bb,p_sweep,4154,130,125,False,,3,False,canonical,P,3,3,power/4154nm_125mw3.csv|power copy/4154nm_125mw3.csv|raw/4154nm_125mw3.csv,
p_sweep/4154nm_125mw4.csv,0d80c5f77758ed4842477a08f3db6cac,p_sweep,4154,130,125,False,,4,False,canonical,P,3,3,power/4154nm_125mw4.csv|power copy/4154nm_125mw4.csv|raw/4154nm_125mw4.csv,
p_sweep/4154nm_125mw5.csv,1890299fc4025584c9a0480a4ee8e2aa,p_sweep,4154,130,125,False,,5,False,canonical,P,3,3,power/4154nm_125mw5.csv|power copy/4154nm_125mw5.csv|raw/4154nm_125mw5.csv,
p_sweep/4154nm_175mw1.csv,4eeb4ffba8bbef0109b03b6114212843,p_sweep,4154,130,175,False,,1,False,canonical,P,4,3,power/4154nm_175mw1.csv|power copy/4154nm_175mw1.csv|raw/4154nm_175mw1.csv,
p_sweep/4154nm_175mw2.csv,2d9706a75037fb6a4791e323fb085994,p_sweep,4154,130,175,False,,2,False,canonical,P,4,3,power/4154nm_175mw2.csv|power copy/4154nm_175mw2.csv|raw/4154nm_175mw2.csv,
p_sweep/4154nm_175mw3.csv,2a1d092c9c531c1c2e0cefe271c2923f,p_sweep,4154,130,175,False,,3,False,canonical,P,4,3,power/4154nm_175mw3.csv|power copy/4154nm_175mw3.csv|raw/4154nm_175mw3.csv,
p_sweep/4154nm_175mw4.csv,fd3bef7b8476dc3b6fe7b3b4d321cfde,p_sweep,4154,130,175,False,,4,False,canonical,P,4,3,power/4154nm_175mw4.csv|power copy/4154nm_175mw4.csv|raw/4154nm_175mw4.csv,
p_sweep/4154nm_175mw5.csv,ef7549f0d7639b10d54b56794f61e1e1,p_sweep,4154,130,175,False,,5,False,canonical,P,4,3,power/4154nm_175mw5.csv|power copy/4154nm_175mw5.csv|raw/4154nm_175mw5.csv,
p_sweep/4154nm_225mw1.csv,7b277abb9957e4cb4294b25c9dd397e4,p_sweep,4154,130,225,False,,1,True,canonical,P,5,4,power/4154nm_225mw1.csv|power copy/4154nm_225mw1.csv|raw/4154nm_225mw1.csv|temperature/4154nm_130c1.csv,
p_sweep/4154nm_225mw2.csv,ffee6e836890b253f546ac714bfcb461,p_sweep,4154,130,225,False,,2,True,canonical,P,5,4,power/4154nm_225mw2.csv|power copy/4154nm_225mw2.csv|raw/4154nm_225mw2.csv|temperature/4154nm_130c2.csv,
p_sweep/4154nm_225mw3.csv,17be174c728918329f5851ecb469bbb2,p_sweep,4154,130,225,False,,3,True,canonical,P,5,4,power/4154nm_225mw3.csv|power copy/4154nm_225mw3.csv|raw/4154nm_225mw3.csv|temperature/4154nm_130c3.csv,
p_sweep/4154nm_225mw4.csv,e8326991d9f8fcd215c757a04b2350cf,p_sweep,4154,130,225,False,,4,True,canonical,P,5,4,power/4154nm_225mw4.csv|power copy/4154nm_225mw4.csv|raw/4154nm_225mw4.csv|temperature/4154nm_130c4.csv,
p_sweep/4154nm_225mw5.csv,fade0710a418eb1768038353d2cdac6a,p_sweep,4154,130,225,False,,5,True,canonical,P,5,4,power/4154nm_225mw5.csv|power copy/4154nm_225mw5.csv|raw/4154nm_225mw5.csv|temperature/4154nm_130c5.csv,
p_sweep/4154nm_025mw1.csv,7ffe824537db1f03eb9e36e4f1c19544,p_sweep,4154,130,25,False,,1,False,canonical,P,1,3,power/4154nm_025mw1.csv|power copy/4154nm_025mw1.csv|raw/4154nm_025mw1.csv,
p_sweep/4154nm_025mw2.csv,fcf98b539a86eb8622dceebee6202c08,p_sweep,4154,130,25,False,,2,False,canonical,P,1,3,power/4154nm_025mw2.csv|power copy/4154nm_025mw2.csv|raw/4154nm_025mw2.csv,
p_sweep/4154nm_025mw3.csv,e92d959af71a68adb6f1bf13a27b40bb,p_sweep,4154,130,25,False,,3,False,canonical,P,1,3,power/4154nm_025mw3.csv|power copy/4154nm_025mw3.csv|raw/4154nm_025mw3.csv,
p_sweep/4154nm_025mw4.csv,cf3c182012081346928f5c9b7b63f0c6,p_sweep,4154,130,25,False,,4,False,canonical,P,1,3,power/4154nm_025mw4.csv|power copy/4154nm_025mw4.csv|raw/4154nm_025mw4.csv,
p_sweep/4154nm_025mw5.csv,cf86d33bdca55e35ad9f59e3600ceebe,p_sweep,4154,130,25,False,,5,False,canonical,P,1,3,power/4154nm_025mw5.csv|power copy/4154nm_025mw5.csv|raw/4154nm_025mw5.csv,
p_sweep/4154nm_075mw1.csv,3651ed60f75f892f5ec931e4ab2b4c8b,p_sweep,4154,130,75,False,,1,False,canonical,P,2,3,power/4154nm_075mw1.csv|power copy/4154nm_075mw1.csv|raw/4154nm_075mw1.csv,
p_sweep/4154nm_075mw2.csv,dc50f65dad890b90fd9e23ea1d3c509f,p_sweep,4154,130,75,False,,2,False,canonical,P,2,3,power/4154nm_075mw2.csv|power copy/4154nm_075mw2.csv|raw/4154nm_075mw2.csv,
p_sweep/4154nm_075mw3.csv,bb4ae88e5fc81b5255ebd13c435ae386,p_sweep,4154,130,75,False,,3,False,canonical,P,2,3,power/4154nm_075mw3.csv|power copy/4154nm_075mw3.csv|raw/4154nm_075mw3.csv,
p_sweep/4154nm_075mw4.csv,f8a5b76de14864b0a28ad55fd5fe2c71,p_sweep,4154,130,75,False,,4,False,canonical,P,2,3,power/4154nm_075mw4.csv|power copy/4154nm_075mw4.csv|raw/4154nm_075mw4.csv,
p_sweep/4154nm_075mw5.csv,4086121d08a15c4628b73262111f63a5,p_sweep,4154,130,75,False,,5,False,canonical,P,2,3,power/4154nm_075mw5.csv|power copy/4154nm_075mw5.csv|raw/4154nm_075mw5.csv,
p_sweep/4192nm_125mw1.csv,50ea1e4c0ced14a4dfd920df6b42b0ab,p_sweep,4192,130,125,False,,1,False,canonical,P,3,2,power/4192nm_125mw1.csv|power copy/4192nm_125mw1.csv,
p_sweep/4192nm_125mw2.csv,58885e98ee2cb8423200cd9c6a83ce33,p_sweep,4192,130,125,False,,2,False,canonical,P,3,2,power/4192nm_125mw2.csv|power copy/4192nm_125mw2.csv,
p_sweep/4192nm_125mw3.csv,655988ab7be866e7473b9cc091c9bd27,p_sweep,4192,130,125,False,,3,False,canonical,P,3,2,power/4192nm_125mw3.csv|power copy/4192nm_125mw3.csv,
p_sweep/4192nm_125mw4.csv,a80d79e1bf670cb877bd7d12ace5664f,p_sweep,4192,130,125,False,,4,False,canonical,P,3,2,power/4192nm_125mw4.csv|power copy/4192nm_125mw4.csv,
p_sweep/4192nm_125mw5.csv,20777e6c0bb81be3d62177de9a7d3db9,p_sweep,4192,130,125,False,,5,False,canonical,P,3,2,power/4192nm_125mw5.csv|power copy/4192nm_125mw5.csv,
p_sweep/4192nm_175mw1.csv,0e45306b4456a16998d186a89db82ec7,p_sweep,4192,130,175,False,,1,False,canonical,P,4,2,power/4192nm_175mw1.csv|power copy/4192nm_175mw1.csv,
p_sweep/4192nm_175mw2.csv,987c5facdd66ef34faedd66317e518b9,p_sweep,4192,130,175,False,,2,False,canonical,P,4,2,power/4192nm_175mw2.csv|power copy/4192nm_175mw2.csv,
p_sweep/4192nm_175mw3.csv,44ec550342f1ff90a8e09601f375262e,p_sweep,4192,130,175,False,,3,False,canonical,P,4,2,power/4192nm_175mw3.csv|power copy/4192nm_175mw3.csv,
p_sweep/4192nm_175mw4.csv,6dc5367e53fa069691d357a846b87c75,p_sweep,4192,130,175,False,,4,False,canonical,P,4,2,power/4192nm_175mw4.csv|power copy/4192nm_175mw4.csv,
p_sweep/4192nm_175mw5.csv,4677e9db4ae5afa42d1dd76a3b949009,p_sweep,4192,130,175,False,,5,False,canonical,P,4,2,power/4192nm_175mw5.csv|power copy/4192nm_175mw5.csv,
p_sweep/4192nm_225mw1.csv,4c5539da6cf9193881fb5cba1e65495c,p_sweep,4192,130,225,False,,1,True,canonical,P,5,4,power/4192nm_225mw1.csv|power copy/4192nm_225mw1.csv|raw/4192nm_225mw1.csv|temperature/4192nm_130c1.csv,
p_sweep/4192nm_225mw2.csv,e0a2630514882c03559280d8975cb847,p_sweep,4192,130,225,False,,2,True,canonical,P,5,4,power/4192nm_225mw2.csv|power copy/4192nm_225mw2.csv|raw/4192nm_225mw2.csv|temperature/4192nm_130c2.csv,
p_sweep/4192nm_225mw3.csv,0cb8f9d0df318f57384f496c480242d6,p_sweep,4192,130,225,False,,3,True,canonical,P,5,4,power/4192nm_225mw3.csv|power copy/4192nm_225mw3.csv|raw/4192nm_225mw3.csv|temperature/4192nm_130c3.csv,
p_sweep/4192nm_225mw4.csv,ea205bcd1e507f6d0b969ff0a00b78ce,p_sweep,4192,130,225,False,,4,True,canonical,P,5,4,power/4192nm_225mw4.csv|power copy/4192nm_225mw4.csv|raw/4192nm_225mw4.csv|temperature/4192nm_130c4.csv,
p_sweep/4192nm_225mw5.csv,d2717f4569503726de4390512139f50c,p_sweep,4192,130,225,False,,5,True,canonical,P,5,4,power/4192nm_225mw5.csv|power copy/4192nm_225mw5.csv|raw/4192nm_225mw5.csv|temperature/4192nm_130c5.csv,
p_sweep/4192nm_025mw1.csv,cc442ea3ab5191e16592c1443fe40b0e,p_sweep,4192,130,25,False,,1,False,canonical,P,1,2,power/4192nm_025mw1.csv|power copy/4192nm_025mw1.csv,
p_sweep/4192nm_025mw2.csv,c05867b787adbf64036885f2519cb3c6,p_sweep,4192,130,25,False,,2,False,canonical,P,1,2,power/4192nm_025mw2.csv|power copy/4192nm_025mw2.csv,
p_sweep/4192nm_025mw3.csv,03be2635a475cd33d85ef08269501ad4,p_sweep,4192,130,25,False,,3,False,canonical,P,1,2,power/4192nm_025mw3.csv|power copy/4192nm_025mw3.csv,
p_sweep/4192nm_025mw4.csv,aad3c6d73ae479489bffa80c59b77fba,p_sweep,4192,130,25,False,,4,False,canonical,P,1,2,power/4192nm_025mw4.csv|power copy/4192nm_025mw4.csv,
p_sweep/4192nm_025mw5.csv,36fa62648915936ccb2c4ad6344f74db,p_sweep,4192,130,25,False,,5,False,canonical,P,1,2,power/4192nm_025mw5.csv|power copy/4192nm_025mw5.csv,
p_sweep/4192nm_075mw1.csv,9a4c4c6cd85b47a0b20946e226156391,p_sweep,4192,130,75,False,,1,False,canonical,P,2,2,power/4192nm_075mw1.csv|power copy/4192nm_075mw1.csv,
p_sweep/4192nm_075mw2.csv,8f4d810e961aebff2068660f79f54af8,p_sweep,4192,130,75,False,,2,False,canonical,P,2,2,power/4192nm_075mw2.csv|power copy/4192nm_075mw2.csv,
p_sweep/4192nm_075mw3.csv,1ccc8ad2cfd44d159ce83790758b0510,p_sweep,4192,130,75,False,,3,False,canonical,P,2,2,power/4192nm_075mw3.csv|power copy/4192nm_075mw3.csv,
p_sweep/4192nm_075mw4.csv,f2a33b96461efb67db66ef6ccb883207,p_sweep,4192,130,75,False,,4,False,canonical,P,2,2,power/4192nm_075mw4.csv|power copy/4192nm_075mw4.csv,
p_sweep/4192nm_075mw5.csv,62ade956d638d5a44fff75c1ae342e40,p_sweep,4192,130,75,False,,5,False,canonical,P,2,2,power/4192nm_075mw5.csv|power copy/4192nm_075mw5.csv,
p_sweep/4207nm_125mw1.csv,d6745dd736652385a72bdc419c53aef3,p_sweep,4207,130,125,False,,1,False,canonical,P,3,2,power/4207nm_125mw1.csv|power copy/4207nm_125mw1.csv,
p_sweep/4207nm_125mw2.csv,8d1a331ff59867e0737327c45d670f38,p_sweep,4207,130,125,False,,2,False,canonical,P,3,2,power/4207nm_125mw2.csv|power copy/4207nm_125mw2.csv,
p_sweep/4207nm_125mw3.csv,49ed5a10d62b716cc3a31ef20656b4ec,p_sweep,4207,130,125,False,,3,False,canonical,P,3,2,power/4207nm_125mw3.csv|power copy/4207nm_125mw3.csv,
p_sweep/4207nm_125mw4.csv,ec6cff0843987b12755e516e072ae7e6,p_sweep,4207,130,125,False,,4,False,canonical,P,3,2,power/4207nm_125mw4.csv|power copy/4207nm_125mw4.csv,
p_sweep/4207nm_125mw5.csv,837e7b065b50aa74fd25215e3a7d3eb0,p_sweep,4207,130,125,False,,5,False,canonical,P,3,2,power/4207nm_125mw5.csv|power copy/4207nm_125mw5.csv,
p_sweep/4207nm_175mw1.csv,ab66dc776fdfc9943aaaabbef3f466e8,p_sweep,4207,130,175,False,,1,False,canonical,P,4,2,power/4207nm_175mw1.csv|power copy/4207nm_175mw1.csv,
p_sweep/4207nm_175mw2.csv,7546df6379cec279cb254ebd35c26bb3,p_sweep,4207,130,175,False,,2,False,canonical,P,4,2,power/4207nm_175mw2.csv|power copy/4207nm_175mw2.csv,
p_sweep/4207nm_175mw3.csv,202c0aa49014cf10e314071494c843d8,p_sweep,4207,130,175,False,,3,False,canonical,P,4,2,power/4207nm_175mw3.csv|power copy/4207nm_175mw3.csv,
p_sweep/4207nm_175mw4.csv,2deb1c635397e49da93f777f2c394969,p_sweep,4207,130,175,False,,4,False,canonical,P,4,2,power/4207nm_175mw4.csv|power copy/4207nm_175mw4.csv,
p_sweep/4207nm_175mw5.csv,3dbae4af4c7bfc58c17ec3378f5db0c3,p_sweep,4207,130,175,False,,5,False,canonical,P,4,2,power/4207nm_175mw5.csv|power copy/4207nm_175mw5.csv,
p_sweep/4207nm_225mw1.csv,1f924358f4372b43dfdeb236aebb6707,p_sweep,4207,130,225,False,,1,True,canonical,P,5,3,power/4207nm_225mw1.csv|power copy/4207nm_225mw1.csv|temperature/4207nm_130c1.csv,
p_sweep/4207nm_225mw2.csv,66ea22fb87e3f012089f6b97bca5cfec,p_sweep,4207,130,225,False,,2,True,canonical,P,5,3,power/4207nm_225mw2.csv|power copy/4207nm_225mw2.csv|temperature/4207nm_130c2.csv,
p_sweep/4207nm_225mw3.csv,f75eaf71d7c77a49c8bbda00c1817ca0,p_sweep,4207,130,225,False,,3,True,canonical,P,5,3,power/4207nm_225mw3.csv|power copy/4207nm_225mw3.csv|temperature/4207nm_130c3.csv,
p_sweep/4207nm_225mw4.csv,0cd929707a615c094e047a3262a0fcbd,p_sweep,4207,130,225,False,,4,True,canonical,P,5,3,power/4207nm_225mw4.csv|power copy/4207nm_225mw4.csv|temperature/4207nm_130c4.csv,
p_sweep/4207nm_225mw5.csv,262f5675bb60a7fd9cc59448964acb38,p_sweep,4207,130,225,False,,5,True,canonical,P,5,3,power/4207nm_225mw5.csv|power copy/4207nm_225mw5.csv|temperature/4207nm_130c5.csv,
p_sweep/4207nm_025mw1.csv,ba383216990dd63856f2085caf3c8138,p_sweep,4207,130,25,False,,1,False,canonical,P,1,3,power/4207nm_025mw1.csv|power copy/4207nm_025mw1.csv|raw/4207nm_025mw1.csv,
p_sweep/4207nm_025mw2.csv,26bfc6424a1ef9304581322f84f196f8,p_sweep,4207,130,25,False,,2,False,canonical,P,1,3,power/4207nm_025mw2.csv|power copy/4207nm_025mw2.csv|raw/4207nm_025mw6.csv,
discarded/4207nm_025mw2.csv,7ec1bf1a1f3cb00f5583b26917c18b4b,p_sweep,4207,130,25,False,,2,False,discarded,P,1,1,raw/4207nm_025mw2.csv,"curation discard: duplicate-name save superseded by canonical p_sweep/4207nm_025mw2.csv; the retrace-crossing structure is block-wide, not this trace's own defect (DATA.md)"
p_sweep/4207nm_025mw3.csv,fd1d139e3f8d16bb5d5f01af3a0609f0,p_sweep,4207,130,25,False,,3,False,canonical,P,1,3,power/4207nm_025mw3.csv|power copy/4207nm_025mw3.csv|raw/4207nm_025mw3.csv,
p_sweep/4207nm_025mw4.csv,93a1963124afef625390f91686b92e2a,p_sweep,4207,130,25,False,,4,False,canonical,P,1,3,power/4207nm_025mw4.csv|power copy/4207nm_025mw4.csv|raw/4207nm_025mw4.csv,
p_sweep/4207nm_025mw5.csv,18c90cb23e6c1eb25df7b1469483e620,p_sweep,4207,130,25,False,,5,False,canonical,P,1,3,power/4207nm_025mw5.csv|power copy/4207nm_025mw5.csv|raw/4207nm_025mw5.csv,
p_sweep/4207nm_075mw1.csv,d78d3da42ca0a0b68000d2e80b8cbc9e,p_sweep,4207,130,75,False,,1,False,canonical,P,2,2,power/4207nm_075mw1.csv|power copy/4207nm_075mw1.csv,
p_sweep/4207nm_075mw2.csv,4984f12823bd179e50ddd5d58ae03340,p_sweep,4207,130,75,False,,2,False,canonical,P,2,2,power/4207nm_075mw2.csv|power copy/4207nm_075mw2.csv,
p_sweep/4207nm_075mw3.csv,87d678abffafa6d7b6693d6380a194ef,p_sweep,4207,130,75,False,,3,False,canonical,P,2,2,power/4207nm_075mw3.csv|power copy/4207nm_075mw3.csv,
p_sweep/4207nm_075mw4.csv,ef53c38da86951a2626e84343ef50cdb,p_sweep,4207,130,75,False,,4,False,canonical,P,2,2,power/4207nm_075mw4.csv|power copy/4207nm_075mw4.csv,
p_sweep/4207nm_075mw5.csv,4196a47ddc690d9604d1f1012f580921,p_sweep,4207,130,75,False,,5,False,canonical,P,2,2,power/4207nm_075mw5.csv|power copy/4207nm_075mw5.csv,
quarantine/4154nm_eom_after1.csv,a63a3238277369deefd525d4ec9078c9,quarantine,4154,130,,True,after,1,False,quarantined,Q,,2,power_eom/4154nm_eom_after1.csv|raw/4154nm_eom_after1.csv,"session quarantine: EOM ruler bracket of the aborted first 4154 130 C power attempt -- a ruler for an aborted block is meaningless, excluded session-grain with it (DATA.md; trace individually clean, no hard flags)"
quarantine/4154nm_eom_after2.csv,30f45fd9dbd7a4f1c886a54fb9c3abe1,quarantine,4154,130,,True,after,2,False,quarantined,Q,,2,power_eom/4154nm_eom_after2.csv|raw/4154nm_eom_after2.csv,"session quarantine: EOM ruler bracket of the aborted first 4154 130 C power attempt -- a ruler for an aborted block is meaningless, excluded session-grain with it (DATA.md; trace individually clean, no hard flags)"
quarantine/4154nm_eom_after3.csv,ae5fb0d91237aa7848c4be40011de80c,quarantine,4154,130,,True,after,3,False,quarantined,Q,,2,power_eom/4154nm_eom_after3.csv|raw/4154nm_eom_after3.csv,"session quarantine: EOM ruler bracket of the aborted first 4154 130 C power attempt -- a ruler for an aborted block is meaningless, excluded session-grain with it (DATA.md; trace individually clean, no hard flags)"
quarantine/4154nm_eom_after4.csv,9263b60e665df0ed863c729d84fd26ba,quarantine,4154,130,,True,after,4,False,quarantined,Q,,2,power_eom/4154nm_eom_after4.csv|raw/4154nm_eom_after4.csv,"session quarantine: EOM ruler bracket of the aborted first 4154 130 C power attempt -- a ruler for an aborted block is meaningless, excluded session-grain with it (DATA.md; trace individually clean, no hard flags)"
quarantine/4154nm_eom_after5.csv,2a530875a6df3057cf4e4b1097e87d9c,quarantine,4154,130,,True,after,5,False,quarantined,Q,,2,power_eom/4154nm_eom_after5.csv|raw/4154nm_eom_after5.csv,"session quarantine: EOM ruler bracket of the aborted first 4154 130 C power attempt -- a ruler for an aborted block is meaningless, excluded session-grain with it (DATA.md; trace individually clean, no hard flags)"
quarantine/4154nm_eom_before1.csv,274526d0709d4a8deac1e3987213864b,quarantine,4154,130,,True,before,1,False,quarantined,Q,,2,power_eom/4154nm_eom_before1.csv|raw/4154nm_eom_before1.csv,"session quarantine: EOM ruler bracket of the aborted first 4154 130 C power attempt -- a ruler for an aborted block is meaningless, excluded session-grain with it (DATA.md; trace individually clean, no hard flags)"
quarantine/4154nm_eom_before2.csv,42a797988a4724189f7c6c9d98a728dc,quarantine,4154,130,,True,before,2,False,quarantined,Q,,2,power_eom/4154nm_eom_before2.csv|raw/4154nm_eom_before2.csv,"session quarantine: EOM ruler bracket of the aborted first 4154 130 C power attempt -- a ruler for an aborted block is meaningless, excluded session-grain with it (DATA.md; trace individually clean, no hard flags)"
quarantine/4154nm_eom_before3.csv,9b3976f504c0f994556e0609674d219a,quarantine,4154,130,,True,before,3,False,quarantined,Q,,2,power_eom/4154nm_eom_before3.csv|raw/4154nm_eom_before3.csv,"session quarantine: EOM ruler bracket of the aborted first 4154 130 C power attempt -- a ruler for an aborted block is meaningless, excluded session-grain with it (DATA.md; trace individually clean, no hard flags)"
quarantine/4154nm_eom_before4.csv,6e4db7edd4849cc58a115139d751cfd0,quarantine,4154,130,,True,before,4,False,quarantined,Q,,2,power_eom/4154nm_eom_before4.csv|raw/4154nm_eom_before4.csv,"session quarantine: EOM ruler bracket of the aborted first 4154 130 C power attempt -- a ruler for an aborted block is meaningless, excluded session-grain with it (DATA.md; trace individually clean, no hard flags)"
quarantine/4154nm_eom_before5.csv,177213b84085d0b30c5edc968aaa9609,quarantine,4154,130,,True,before,5,False,quarantined,Q,,2,power_eom/4154nm_eom_before5.csv|raw/4154nm_eom_before5.csv,"session quarantine: EOM ruler bracket of the aborted first 4154 130 C power attempt -- a ruler for an aborted block is meaningless, excluded session-grain with it (DATA.md; trace individually clean, no hard flags)"
quarantine/4154nm_130c_125mw1.csv,3bf55a21e723a01f684751057b876d81,quarantine,4154,130,125,False,,1,False,quarantined,Q,,1,raw/4154nm_130c_125mw1.csv,"session quarantine: aborted first 4154 130 C power attempt, redone in full (the canonical p_sweep covers all 5 powers; this partial retry only 25/125/225 mW, so REDUNDANT and not a serves_t130 anchor). Lines individually clean -- height/width match the redo to <2% -- but the 225 mW set carries a ~80x steeper baseline slope (high-power drift, the likely abort cause). Kept excluded by pre-registration: including them only TIGHTENS the S0 bound (2.04->1.92 MHz) and leaves beta untouched, so re-admitting previously-cut, drift-flagged data to improve a number is declined. See DATA.md."
quarantine/4154nm_130c_125mw2.csv,5e1b6f9e22fd7d5d4b379b7e286ad7c1,quarantine,4154,130,125,False,,2,False,quarantined,Q,,1,raw/4154nm_130c_125mw2.csv,"session quarantine: aborted first 4154 130 C power attempt, redone in full (the canonical p_sweep covers all 5 powers; this partial retry only 25/125/225 mW, so REDUNDANT and not a serves_t130 anchor). Lines individually clean -- height/width match the redo to <2% -- but the 225 mW set carries a ~80x steeper baseline slope (high-power drift, the likely abort cause). Kept excluded by pre-registration: including them only TIGHTENS the S0 bound (2.04->1.92 MHz) and leaves beta untouched, so re-admitting previously-cut, drift-flagged data to improve a number is declined. See DATA.md."
quarantine/4154nm_130c_125mw3.csv,30a2766cafa22860c74d42ad0ab0330f,quarantine,4154,130,125,False,,3,False,quarantined,Q,,1,raw/4154nm_130c_125mw3.csv,"session quarantine: aborted first 4154 130 C power attempt, redone in full (the canonical p_sweep covers all 5 powers; this partial retry only 25/125/225 mW, so REDUNDANT and not a serves_t130 anchor). Lines individually clean -- height/width match the redo to <2% -- but the 225 mW set carries a ~80x steeper baseline slope (high-power drift, the likely abort cause). Kept excluded by pre-registration: including them only TIGHTENS the S0 bound (2.04->1.92 MHz) and leaves beta untouched, so re-admitting previously-cut, drift-flagged data to improve a number is declined. See DATA.md."
quarantine/4154nm_130c_125mw4.csv,20da39825d0021147d76bfb51cd0ce95,quarantine,4154,130,125,False,,4,False,quarantined,Q,,1,raw/4154nm_130c_125mw4.csv,"session quarantine: aborted first 4154 130 C power attempt, redone in full (the canonical p_sweep covers all 5 powers; this partial retry only 25/125/225 mW, so REDUNDANT and not a serves_t130 anchor). Lines individually clean -- height/width match the redo to <2% -- but the 225 mW set carries a ~80x steeper baseline slope (high-power drift, the likely abort cause). Kept excluded by pre-registration: including them only TIGHTENS the S0 bound (2.04->1.92 MHz) and leaves beta untouched, so re-admitting previously-cut, drift-flagged data to improve a number is declined. See DATA.md."
quarantine/4154nm_130c_125mw5.csv,c1b565633ee8b4f85b76ecd03a21e1c3,quarantine,4154,130,125,False,,5,False,quarantined,Q,,1,raw/4154nm_130c_125mw5.csv,"session quarantine: aborted first 4154 130 C power attempt, redone in full (the canonical p_sweep covers all 5 powers; this partial retry only 25/125/225 mW, so REDUNDANT and not a serves_t130 anchor). Lines individually clean -- height/width match the redo to <2% -- but the 225 mW set carries a ~80x steeper baseline slope (high-power drift, the likely abort cause). Kept excluded by pre-registration: including them only TIGHTENS the S0 bound (2.04->1.92 MHz) and leaves beta untouched, so re-admitting previously-cut, drift-flagged data to improve a number is declined. See DATA.md."
quarantine/4154nm_130c_125mw6.csv,0ec680570a76b0ae943308abd39255ea,quarantine,4154,130,125,False,,6,False,quarantined,Q,,1,raw/4154nm_130c_125mw6.csv,"session quarantine: aborted first 4154 130 C power attempt, redone in full (the canonical p_sweep covers all 5 powers; this partial retry only 25/125/225 mW, so REDUNDANT and not a serves_t130 anchor). Lines individually clean -- height/width match the redo to <2% -- but the 225 mW set carries a ~80x steeper baseline slope (high-power drift, the likely abort cause). Kept excluded by pre-registration: including them only TIGHTENS the S0 bound (2.04->1.92 MHz) and leaves beta untouched, so re-admitting previously-cut, drift-flagged data to improve a number is declined. See DATA.md."
quarantine/4154nm_130c_125mw7.csv,13301a2644ea42986b31cda862cdc22e,quarantine,4154,130,125,False,,7,False,quarantined,Q,,1,raw/4154nm_130c_125mw7.csv,"session quarantine: aborted first 4154 130 C power attempt, redone in full (the canonical p_sweep covers all 5 powers; this partial retry only 25/125/225 mW, so REDUNDANT and not a serves_t130 anchor). Lines individually clean -- height/width match the redo to <2% -- but the 225 mW set carries a ~80x steeper baseline slope (high-power drift, the likely abort cause). Kept excluded by pre-registration: including them only TIGHTENS the S0 bound (2.04->1.92 MHz) and leaves beta untouched, so re-admitting previously-cut, drift-flagged data to improve a number is declined. See DATA.md."
quarantine/4154nm_130c_125mw8.csv,68ff2e79a86a3c81d94ee152b589852a,quarantine,4154,130,125,False,,8,False,quarantined,Q,,1,raw/4154nm_130c_125mw8.csv,"session quarantine: aborted first 4154 130 C power attempt, redone in full (the canonical p_sweep covers all 5 powers; this partial retry only 25/125/225 mW, so REDUNDANT and not a serves_t130 anchor). Lines individually clean -- height/width match the redo to <2% -- but the 225 mW set carries a ~80x steeper baseline slope (high-power drift, the likely abort cause). Kept excluded by pre-registration: including them only TIGHTENS the S0 bound (2.04->1.92 MHz) and leaves beta untouched, so re-admitting previously-cut, drift-flagged data to improve a number is declined. See DATA.md."
quarantine/4154nm_130c_225mw1.csv,1fae3355da6e37c8995ede59d9e29e34,quarantine,4154,130,225,False,,1,False,quarantined,Q,,1,raw/4154nm_130c_225mw1.csv,"session quarantine: aborted first 4154 130 C power attempt, redone in full (the canonical p_sweep covers all 5 powers; this partial retry only 25/125/225 mW, so REDUNDANT and not a serves_t130 anchor). Lines individually clean -- height/width match the redo to <2% -- but the 225 mW set carries a ~80x steeper baseline slope (high-power drift, the likely abort cause). Kept excluded by pre-registration: including them only TIGHTENS the S0 bound (2.04->1.92 MHz) and leaves beta untouched, so re-admitting previously-cut, drift-flagged data to improve a number is declined. See DATA.md."
quarantine/4154nm_130c_225mw2.csv,39f93b4f7aa01e382f10670dd83bd5dc,quarantine,4154,130,225,False,,2,False,quarantined,Q,,1,raw/4154nm_130c_225mw2.csv,"session quarantine: aborted first 4154 130 C power attempt, redone in full (the canonical p_sweep covers all 5 powers; this partial retry only 25/125/225 mW, so REDUNDANT and not a serves_t130 anchor). Lines individually clean -- height/width match the redo to <2% -- but the 225 mW set carries a ~80x steeper baseline slope (high-power drift, the likely abort cause). Kept excluded by pre-registration: including them only TIGHTENS the S0 bound (2.04->1.92 MHz) and leaves beta untouched, so re-admitting previously-cut, drift-flagged data to improve a number is declined. See DATA.md."
quarantine/4154nm_130c_225mw3.csv,afe2b33e4e7a5e2fcbb86dc5f7939ae0,quarantine,4154,130,225,False,,3,False,quarantined,Q,,1,raw/4154nm_130c_225mw3.csv,"session quarantine: aborted first 4154 130 C power attempt, redone in full (the canonical p_sweep covers all 5 powers; this partial retry only 25/125/225 mW, so REDUNDANT and not a serves_t130 anchor). Lines individually clean -- height/width match the redo to <2% -- but the 225 mW set carries a ~80x steeper baseline slope (high-power drift, the likely abort cause). Kept excluded by pre-registration: including them only TIGHTENS the S0 bound (2.04->1.92 MHz) and leaves beta untouched, so re-admitting previously-cut, drift-flagged data to improve a number is declined. See DATA.md."
quarantine/4154nm_130c_225mw4.csv,7514640e4b00bae87270e7568e2327aa,quarantine,4154,130,225,False,,4,False,quarantined,Q,,2,raw/4154nm_130c_225mw4.csv|raw/4154nm_130c_225mw5.csv,"session quarantine: aborted first 4154 130 C power attempt, redone in full (the canonical p_sweep covers all 5 powers; this partial retry only 25/125/225 mW, so REDUNDANT and not a serves_t130 anchor). Lines individually clean -- height/width match the redo to <2% -- but the 225 mW set carries a ~80x steeper baseline slope (high-power drift, the likely abort cause). Kept excluded by pre-registration: including them only TIGHTENS the S0 bound (2.04->1.92 MHz) and leaves beta untouched, so re-admitting previously-cut, drift-flagged data to improve a number is declined. See DATA.md."
quarantine/4154nm_130c_225mw6.csv,1727a72f04a56e2f76ef7310f50520b4,quarantine,4154,130,225,False,,6,False,quarantined,Q,,1,raw/4154nm_130c_225mw6.csv,"session quarantine: aborted first 4154 130 C power attempt, redone in full (the canonical p_sweep covers all 5 powers; this partial retry only 25/125/225 mW, so REDUNDANT and not a serves_t130 anchor). Lines individually clean -- height/width match the redo to <2% -- but the 225 mW set carries a ~80x steeper baseline slope (high-power drift, the likely abort cause). Kept excluded by pre-registration: including them only TIGHTENS the S0 bound (2.04->1.92 MHz) and leaves beta untouched, so re-admitting previously-cut, drift-flagged data to improve a number is declined. See DATA.md."
quarantine/4154nm_130c_225mw7.csv,51983f4fa16969813b86b5e8f511bf24,quarantine,4154,130,225,False,,7,False,quarantined,Q,,1,raw/4154nm_130c_225mw7.csv,"session quarantine: aborted first 4154 130 C power attempt, redone in full (the canonical p_sweep covers all 5 powers; this partial retry only 25/125/225 mW, so REDUNDANT and not a serves_t130 anchor). Lines individually clean -- height/width match the redo to <2% -- but the 225 mW set carries a ~80x steeper baseline slope (high-power drift, the likely abort cause). Kept excluded by pre-registration: including them only TIGHTENS the S0 bound (2.04->1.92 MHz) and leaves beta untouched, so re-admitting previously-cut, drift-flagged data to improve a number is declined. See DATA.md."
quarantine/4154nm_130c_025mw1.csv,5403f5a8e0d1269bf5937e3bf456634b,quarantine,4154,130,25,False,,1,False,quarantined,Q,,1,raw/4154nm_130c_025mw1.csv,"session quarantine: aborted first 4154 130 C power attempt, redone in full (the canonical p_sweep covers all 5 powers; this partial retry only 25/125/225 mW, so REDUNDANT and not a serves_t130 anchor). Lines individually clean -- height/width match the redo to <2% -- but the 225 mW set carries a ~80x steeper baseline slope (high-power drift, the likely abort cause). Kept excluded by pre-registration: including them only TIGHTENS the S0 bound (2.04->1.92 MHz) and leaves beta untouched, so re-admitting previously-cut, drift-flagged data to improve a number is declined. See DATA.md."
quarantine/4154nm_130c_025mw2.csv,3abac202365ffdc2a582454e2682b448,quarantine,4154,130,25,False,,2,False,quarantined,Q,,1,raw/4154nm_130c_025mw2.csv,"session quarantine: aborted first 4154 130 C power attempt, redone in full (the canonical p_sweep covers all 5 powers; this partial retry only 25/125/225 mW, so REDUNDANT and not a serves_t130 anchor). Lines individually clean -- height/width match the redo to <2% -- but the 225 mW set carries a ~80x steeper baseline slope (high-power drift, the likely abort cause). Kept excluded by pre-registration: including them only TIGHTENS the S0 bound (2.04->1.92 MHz) and leaves beta untouched, so re-admitting previously-cut, drift-flagged data to improve a number is declined. See DATA.md."
quarantine/4154nm_130c_025mw3.csv,1eac3c52036c98543912b9cc7fbde668,quarantine,4154,130,25,False,,3,False,quarantined,Q,,1,raw/4154nm_130c_025mw3.csv,"session quarantine: aborted first 4154 130 C power attempt, redone in full (the canonical p_sweep covers all 5 powers; this partial retry only 25/125/225 mW, so REDUNDANT and not a serves_t130 anchor). Lines individually clean -- height/width match the redo to <2% -- but the 225 mW set carries a ~80x steeper baseline slope (high-power drift, the likely abort cause). Kept excluded by pre-registration: including them only TIGHTENS the S0 bound (2.04->1.92 MHz) and leaves beta untouched, so re-admitting previously-cut, drift-flagged data to improve a number is declined. See DATA.md."
quarantine/4154nm_130c_025mw4.csv,4ee51e1138b9a2fef2ba1a321b844999,quarantine,4154,130,25,False,,4,False,quarantined,Q,,1,raw/4154nm_130c_025mw4.csv,"session quarantine: aborted first 4154 130 C power attempt, redone in full (the canonical p_sweep covers all 5 powers; this partial retry only 25/125/225 mW, so REDUNDANT and not a serves_t130 anchor). Lines individually clean -- height/width match the redo to <2% -- but the 225 mW set carries a ~80x steeper baseline slope (high-power drift, the likely abort cause). Kept excluded by pre-registration: including them only TIGHTENS the S0 bound (2.04->1.92 MHz) and leaves beta untouched, so re-admitting previously-cut, drift-flagged data to improve a number is declined. See DATA.md."
quarantine/4154nm_130c_025mw5.csv,3f3819916b09a0bd5272568561647363,quarantine,4154,130,25,False,,5,False,quarantined,Q,,1,raw/4154nm_130c_025mw5.csv,"session quarantine: aborted first 4154 130 C power attempt, redone in full (the canonical p_sweep covers all 5 powers; this partial retry only 25/125/225 mW, so REDUNDANT and not a serves_t130 anchor). Lines individually clean -- height/width match the redo to <2% -- but the 225 mW set carries a ~80x steeper baseline slope (high-power drift, the likely abort cause). Kept excluded by pre-registration: including them only TIGHTENS the S0 bound (2.04->1.92 MHz) and leaves beta untouched, so re-admitting previously-cut, drift-flagged data to improve a number is declined. See DATA.md."
rulers_p/4121nm_eom_after1.csv,2742ba08dfdce466a9d1fc4f17916fa4,ruler_p,4121,130,,True,after,1,False,canonical,P,6,4,power_eom/4121nm_eom_after1.csv|raw/4121nm_eom_130c1.csv|raw/4121nm_eom_after1.csv|temperature_EOM/4121nm_eom_130c1.csv,
rulers_p/4121nm_eom_after2.csv,8fa3308604069f5aa729e4f6132f38b1,ruler_p,4121,130,,True,after,2,False,canonical,P,6,4,power_eom/4121nm_eom_after2.csv|raw/4121nm_eom_130c2.csv|raw/4121nm_eom_after2.csv|temperature_EOM/4121nm_eom_130c2.csv,
rulers_p/4121nm_eom_after3.csv,0007b50db80c76d54ea9246943689014,ruler_p,4121,130,,True,after,3,False,canonical,P,6,4,power_eom/4121nm_eom_after3.csv|raw/4121nm_eom_130c3.csv|raw/4121nm_eom_after3.csv|temperature_EOM/4121nm_eom_130c3.csv,
rulers_p/4121nm_eom_after4.csv,c50f7d85b495793a0bee43de9e706a44,ruler_p,4121,130,,True,after,4,False,canonical,P,6,4,power_eom/4121nm_eom_after4.csv|raw/4121nm_eom_130c4.csv|raw/4121nm_eom_after4.csv|temperature_EOM/4121nm_eom_130c4.csv,
rulers_p/4121nm_eom_after5.csv,ad120caaf7bebe5d0251aeaaabc493e9,ruler_p,4121,130,,True,after,5,False,canonical,P,6,4,power_eom/4121nm_eom_after5.csv|raw/4121nm_eom_130c5.csv|raw/4121nm_eom_after5.csv|temperature_EOM/4121nm_eom_130c5.csv,
rulers_p/4121nm_eom_after6.csv,6caa9fd31a42d5c7caf83fb2d893c9f5,ruler_p,4121,130,,True,after,6,False,canonical,P,6,4,power_eom/4121nm_eom_after6.csv|raw/4121nm_eom_130c6.csv|raw/4121nm_eom_after6.csv|temperature_EOM/4121nm_eom_130c6.csv,
rulers_p/4121nm_eom_before1.csv,e3026b6d9eaed7305b275fa87c1cf604,ruler_p,4121,130,,True,before,1,False,canonical,P,0,4,power_eom/4121nm_eom_before1.csv|raw/4121nm_eom_130c7.csv|raw/4121nm_eom_before1.csv|temperature_EOM/4121nm_eom_130c7.csv,
rulers_p/4121nm_eom_before2.csv,0fe6771f8571437b5f6dd14233b96a31,ruler_p,4121,130,,True,before,2,False,canonical,P,0,4,power_eom/4121nm_eom_before2.csv|raw/4121nm_eom_130c8.csv|raw/4121nm_eom_before2.csv|temperature_EOM/4121nm_eom_130c8.csv,
rulers_p/4121nm_eom_before3.csv,599642760074c32d2bd8a7cbfdfd4fcb,ruler_p,4121,130,,True,before,3,False,canonical,P,0,4,power_eom/4121nm_eom_before3.csv|raw/4121nm_eom_130c9.csv|raw/4121nm_eom_before3.csv|temperature_EOM/4121nm_eom_130c9.csv,
rulers_p/4121nm_eom_before4.csv,e5c05c21783d0eecd170be0f351bb690,ruler_p,4121,130,,True,before,4,False,canonical,P,0,4,power_eom/4121nm_eom_before4.csv|raw/4121nm_eom_130c10.csv|raw/4121nm_eom_before4.csv|temperature_EOM/4121nm_eom_130c10.csv,
rulers_p/4121nm_eom_before5.csv,fa0b7935c1de08e328652b751c6c946e,ruler_p,4121,130,,True,before,5,False,canonical,P,0,4,power_eom/4121nm_eom_before5.csv|raw/4121nm_eom_130c11.csv|raw/4121nm_eom_before5.csv|temperature_EOM/4121nm_eom_130c11.csv,
rulers_p/4154nm_eom_after_1.csv,f77af5755519fe7a3b3b9a85d368a75f,ruler_p,4154,130,,True,after,1,False,canonical,P,6,4,power_eom/4154nm_eom_after_1.csv|raw/4154nm_eom_130c1.csv|raw/4154nm_eom_after_1.csv|temperature_EOM/4154nm_eom_130c1.csv,
rulers_p/4154nm_eom_after_2.csv,c4b160a7e820469454ce0b4dee1dbb4f,ruler_p,4154,130,,True,after,2,False,canonical,P,6,4,power_eom/4154nm_eom_after_2.csv|raw/4154nm_eom_130c2.csv|raw/4154nm_eom_after_2.csv|temperature_EOM/4154nm_eom_130c2.csv,
rulers_p/4154nm_eom_after_3.csv,7a797e9f78fd75b1b331571e6ef4429f,ruler_p,4154,130,,True,after,3,False,canonical,P,6,4,power_eom/4154nm_eom_after_3.csv|raw/4154nm_eom_130c3.csv|raw/4154nm_eom_after_3.csv|temperature_EOM/4154nm_eom_130c3.csv,
rulers_p/4154nm_eom_after_4.csv,35b8fb4e37dd37e7aa92fdaeed978f79,ruler_p,4154,130,,True,after,4,False,canonical,P,6,4,power_eom/4154nm_eom_after_4.csv|raw/4154nm_eom_130c4.csv|raw/4154nm_eom_after_4.csv|temperature_EOM/4154nm_eom_130c4.csv,
rulers_p/4154nm_eom_after_5.csv,afcaf3cef3f04cb185769c122dddee47,ruler_p,4154,130,,True,after,5,False,canonical,P,6,4,power_eom/4154nm_eom_after_5.csv|raw/4154nm_eom_130c5.csv|raw/4154nm_eom_after_5.csv|temperature_EOM/4154nm_eom_130c5.csv,
rulers_p/4154nm_eom_before_1.csv,f5dabe598f1d01d6294e05cf90c2b18b,ruler_p,4154,130,,True,before,1,False,canonical,P,0,4,power_eom/4154nm_eom_before_1.csv|raw/4154nm_eom_130c6.csv|raw/4154nm_eom_before_1.csv|temperature_EOM/4154nm_eom_130c6.csv,
rulers_p/4154nm_eom_before_2.csv,80a75366a19c2ec77466d369c4d9e5e9,ruler_p,4154,130,,True,before,2,False,canonical,P,0,4,power_eom/4154nm_eom_before_2.csv|raw/4154nm_eom_130c7.csv|raw/4154nm_eom_before_2.csv|temperature_EOM/4154nm_eom_130c7.csv,
rulers_p/4154nm_eom_before_3.csv,78e98c38db36ca180cedc4d6da932303,ruler_p,4154,130,,True,before,3,False,canonical,P,0,4,power_eom/4154nm_eom_before_3.csv|raw/4154nm_eom_130c8.csv|raw/4154nm_eom_before_3.csv|temperature_EOM/4154nm_eom_130c8.csv,
rulers_p/4154nm_eom_before_4.csv,cadf23b665a68476b834be6c2143e9ea,ruler_p,4154,130,,True,before,4,False,canonical,P,0,4,power_eom/4154nm_eom_before_4.csv|raw/4154nm_eom_130c9.csv|raw/4154nm_eom_before_4.csv|temperature_EOM/4154nm_eom_130c9.csv,
rulers_p/4154nm_eom_before_5.csv,66afc7e2c978e7ab37d995bc8843f5d3,ruler_p,4154,130,,True,before,5,False,canonical,P,0,4,power_eom/4154nm_eom_before_5.csv|raw/4154nm_eom_130c10.csv|raw/4154nm_eom_before_5.csv|temperature_EOM/4154nm_eom_130c10.csv,
rulers_p/4154nm_eom_before_6.csv,b17d9e08fb490aac17866615c6b5c421,ruler_p,4154,130,,True,before,6,False,canonical,P,0,4,power_eom/4154nm_eom_before_6.csv|raw/4154nm_eom_130c11.csv|raw/4154nm_eom_before_6.csv|temperature_EOM/4154nm_eom_130c11.csv,
rulers_p/4154nm_eom_before_7.csv,7c76b2680c973f5083e390f6a1ba0e13,ruler_p,4154,130,,True,before,7,False,canonical,P,0,4,power_eom/4154nm_eom_before_7.csv|raw/4154nm_eom_130c12.csv|raw/4154nm_eom_before_7.csv|temperature_EOM/4154nm_eom_130c12.csv,
rulers_p/4192nm_eom_after1.csv,0e7d6da93d3156b74ec598bd0bff72b7,ruler_p,4192,130,,True,after,1,False,canonical,P,6,4,power_eom/4192nm_eom_after1.csv|raw/4192nm_eom_130c1.csv|raw/4192nm_eom_after1.csv|temperature_EOM/4192nm_eom_130c1.csv,
rulers_p/4192nm_eom_after2.csv,2a3b80c04e439818c9e28b75b05c6695,ruler_p,4192,130,,True,after,2,False,canonical,P,6,4,power_eom/4192nm_eom_after2.csv|raw/4192nm_eom_130c2.csv|raw/4192nm_eom_after2.csv|temperature_EOM/4192nm_eom_130c2.csv,
rulers_p/4192nm_eom_after3.csv,1d55b47cdbcc72bf4bcf2ebecbb94795,ruler_p,4192,130,,True,after,3,False,canonical,P,6,8,power_eom/4192nm_eom_after3.csv|power_eom/4192nm_eom_after4.csv|raw/4192nm_eom_130c3.csv|raw/4192nm_eom_130c4.csv|raw/4192nm_eom_after3.csv|raw/4192nm_eom_after4.csv|temperature_EOM/4192nm_eom_130c3.csv|temperature_EOM/4192nm_eom_130c4.csv,
rulers_p/4192nm_eom_after5.csv,981caffc0f9cedd117134fff9d7ba823,ruler_p,4192,130,,True,after,5,False,canonical,P,6,4,power_eom/4192nm_eom_after5.csv|raw/4192nm_eom_130c5.csv|raw/4192nm_eom_after5.csv|temperature_EOM/4192nm_eom_130c5.csv,
rulers_p/4192nm_eom_after6.csv,9d9854a121ced59c9c32e970c68b3d6c,ruler_p,4192,130,,True,after,6,False,canonical,P,6,4,power_eom/4192nm_eom_after6.csv|raw/4192nm_eom_130c6.csv|raw/4192nm_eom_after6.csv|temperature_EOM/4192nm_eom_130c6.csv,
rulers_p/4192nm_eom_before1.csv,620cac0a359e3a3cdeb3d5c6439c69e5,ruler_p,4192,130,,True,before,1,False,canonical,P,0,4,power_eom/4192nm_eom_before1.csv|raw/4192nm_eom_130c7.csv|raw/4192nm_eom_before1.csv|temperature_EOM/4192nm_eom_130c7.csv,
rulers_p/4192nm_eom_before2.csv,377a1550a599a0bf8dcc43c8f33e77f4,ruler_p,4192,130,,True,before,2,False,canonical,P,0,4,power_eom/4192nm_eom_before2.csv|raw/4192nm_eom_130c8.csv|raw/4192nm_eom_before2.csv|temperature_EOM/4192nm_eom_130c8.csv,
rulers_p/4192nm_eom_before3.csv,f811d92c79e5ba62ca0479cc5b9536b8,ruler_p,4192,130,,True,before,3,False,canonical,P,0,4,power_eom/4192nm_eom_before3.csv|raw/4192nm_eom_130c9.csv|raw/4192nm_eom_before3.csv|temperature_EOM/4192nm_eom_130c9.csv,
rulers_p/4192nm_eom_before4.csv,2326a02f59565fd5886b954200305afe,ruler_p,4192,130,,True,before,4,False,canonical,P,0,4,power_eom/4192nm_eom_before4.csv|raw/4192nm_eom_130c10.csv|raw/4192nm_eom_before4.csv|temperature_EOM/4192nm_eom_130c10.csv,
rulers_p/4192nm_eom_before5.csv,fb9fe7b4026cf60cef83d9684afcc904,ruler_p,4192,130,,True,before,5,False,canonical,P,0,4,power_eom/4192nm_eom_before5.csv|raw/4192nm_eom_130c11.csv|raw/4192nm_eom_before5.csv|temperature_EOM/4192nm_eom_130c11.csv,
rulers_p/4192nm_eom_before6.csv,120060a723ad42b4d160ed1e6f93c60a,ruler_p,4192,130,,True,before,6,False,canonical,P,0,4,power_eom/4192nm_eom_before6.csv|raw/4192nm_eom_130c12.csv|raw/4192nm_eom_before6.csv|temperature_EOM/4192nm_eom_130c12.csv,
rulers_p/4207nm_eom_after1.csv,eabd71049d4a5262b71ab54e3cc14f19,ruler_p,4207,130,,True,after,1,False,canonical,P,6,4,power_eom/4207nm_eom_after1.csv|raw/4207nm_eom_130c1.csv|raw/4207nm_eom_after1.csv|temperature_EOM/4207nm_eom_130c1.csv,
rulers_p/4207nm_eom_after2.csv,f34fbf0650b7ebf22d68c23fd68bf6b6,ruler_p,4207,130,,True,after,2,False,canonical,P,6,4,power_eom/4207nm_eom_after2.csv|raw/4207nm_eom_130c2.csv|raw/4207nm_eom_after2.csv|temperature_EOM/4207nm_eom_130c2.csv,
rulers_p/4207nm_eom_after3.csv,6ff5161373322dcce37724f32a838ff7,ruler_p,4207,130,,True,after,3,False,canonical,P,6,4,power_eom/4207nm_eom_after3.csv|raw/4207nm_eom_130c3.csv|raw/4207nm_eom_after3.csv|temperature_EOM/4207nm_eom_130c3.csv,
rulers_p/4207nm_eom_after4.csv,52c5bca4caa9f5c6ad322c80159e9813,ruler_p,4207,130,,True,after,4,False,canonical,P,6,4,power_eom/4207nm_eom_after4.csv|raw/4207nm_eom_130c4.csv|raw/4207nm_eom_after4.csv|temperature_EOM/4207nm_eom_130c4.csv,
rulers_p/4207nm_eom_after5.csv,fb09474bae8ad14207bd2d98cbd52fac,ruler_p,4207,130,,True,after,5,False,canonical,P,6,4,power_eom/4207nm_eom_after5.csv|raw/4207nm_eom_130c5.csv|raw/4207nm_eom_after5.csv|temperature_EOM/4207nm_eom_130c5.csv,
rulers_p/4207nm_eom_before1.csv,1a234b6754bff58762cc9c38137ef33d,ruler_p,4207,130,,True,before,1,False,canonical,P,0,4,power_eom/4207nm_eom_before1.csv|raw/4207nm_eom_130c6.csv|raw/4207nm_eom_before1.csv|temperature_EOM/4207nm_eom_130c6.csv,
rulers_p/4207nm_eom_before2.csv,8d886be9eb66a43450265a41472a4cec,ruler_p,4207,130,,True,before,2,False,canonical,P,0,4,power_eom/4207nm_eom_before2.csv|raw/4207nm_eom_130c7.csv|raw/4207nm_eom_before2.csv|temperature_EOM/4207nm_eom_130c7.csv,
rulers_p/4207nm_eom_before3.csv,808da58a36e3f98e2d0958134f9fd283,ruler_p,4207,130,,True,before,3,False,canonical,P,0,4,power_eom/4207nm_eom_before3.csv|raw/4207nm_eom_130c8.csv|raw/4207nm_eom_before3.csv|temperature_EOM/4207nm_eom_130c8.csv,
rulers_p/4207nm_eom_before4.csv,64816b2b4ceff8e6033ab925df15ffa7,ruler_p,4207,130,,True,before,4,False,canonical,P,0,4,power_eom/4207nm_eom_before4.csv|raw/4207nm_eom_130c9.csv|raw/4207nm_eom_before4.csv|temperature_EOM/4207nm_eom_130c9.csv,
rulers_p/4207nm_eom_before5.csv,aa4d16a651352396af46e5012a82d883,ruler_p,4207,130,,True,before,5,False,canonical,P,0,4,power_eom/4207nm_eom_before5.csv|raw/4207nm_eom_130c10.csv|raw/4207nm_eom_before5.csv|temperature_EOM/4207nm_eom_130c10.csv,
rulers_t/4121nm_eom_110c1.csv,d1c5cc831df319137be2cea3cac447a2,ruler_t,4121,110,,True,,1,False,canonical,T,1,2,raw/4121nm_eom_110c1.csv|temperature_EOM/4121nm_eom_110c1.csv,
rulers_t/4121nm_eom_110c2.csv,9ea03ed6182e631d55e090d485e5e75f,ruler_t,4121,110,,True,,2,False,canonical,T,1,2,raw/4121nm_eom_110c2.csv|temperature_EOM/4121nm_eom_110c2.csv,
rulers_t/4121nm_eom_110c3.csv,d926563bd6a18957a976017447e9899e,ruler_t,4121,110,,True,,3,False,canonical,T,1,2,raw/4121nm_eom_110c3.csv|temperature_EOM/4121nm_eom_110c3.csv,
rulers_t/4121nm_eom_110c4.csv,7dbbe87c1dd7625c76f1019aa4b1faf2,ruler_t,4121,110,,True,,4,False,canonical,T,1,2,raw/4121nm_eom_110c4.csv|temperature_EOM/4121nm_eom_110c4.csv,
rulers_t/4121nm_eom_110c5.csv,70019581020d0ee1b85ef862a1bf2b29,ruler_t,4121,110,,True,,5,False,canonical,T,1,2,raw/4121nm_eom_110c5.csv|temperature_EOM/4121nm_eom_110c5.csv,
rulers_t/4121nm_eom_070c1.csv,9316fbb2a97bb32c440748c13e8b3a4c,ruler_t,4121,70,,True,,1,False,canonical,T,3,2,raw/4121nm_eom_070c1.csv|temperature_EOM/4121nm_eom_070c1.csv,
rulers_t/4121nm_eom_070c2.csv,106dbd3df5d064a17f93aaad733cb109,ruler_t,4121,70,,True,,2,False,canonical,T,3,2,raw/4121nm_eom_070c2.csv|temperature_EOM/4121nm_eom_070c2.csv,
rulers_t/4121nm_eom_070c3.csv,38abddcd588e02670a6f5544e1f928ff,ruler_t,4121,70,,True,,3,False,canonical,T,3,2,raw/4121nm_eom_070c3.csv|temperature_EOM/4121nm_eom_070c3.csv,
rulers_t/4121nm_eom_070c4.csv,8700359846ec15c3c79f02311dcd0554,ruler_t,4121,70,,True,,4,False,canonical,T,3,2,raw/4121nm_eom_070c4.csv|temperature_EOM/4121nm_eom_070c4.csv,
rulers_t/4121nm_eom_070c5.csv,44b3010c019405898f09890f6dc676b1,ruler_t,4121,70,,True,,5,False,canonical,T,3,2,raw/4121nm_eom_070c5.csv|temperature_EOM/4121nm_eom_070c5.csv,
rulers_t/4121nm_eom_090c1.csv,c2597ee7552c02151aebfb38f3482089,ruler_t,4121,90,,True,,1,False,canonical,T,2,2,raw/4121nm_eom_090c1.csv|temperature_EOM/4121nm_eom_090c1.csv,
rulers_t/4121nm_eom_090c2.csv,07bf57b0e957e37d46f1fee54985af2a,ruler_t,4121,90,,True,,2,False,canonical,T,2,2,raw/4121nm_eom_090c2.csv|temperature_EOM/4121nm_eom_090c2.csv,
rulers_t/4121nm_eom_090c3.csv,e24a7eae69ef8869721f69abd0d149f8,ruler_t,4121,90,,True,,3,False,canonical,T,2,2,raw/4121nm_eom_090c3.csv|temperature_EOM/4121nm_eom_090c3.csv,
rulers_t/4121nm_eom_090c4.csv,b5ad8130089ecf86c98f6c7f93c60ca2,ruler_t,4121,90,,True,,4,False,canonical,T,2,2,raw/4121nm_eom_090c4.csv|temperature_EOM/4121nm_eom_090c4.csv,
rulers_t/4121nm_eom_090c5.csv,43a5c7c3ff0668a1aa505cd7b3d3c96a,ruler_t,4121,90,,True,,5,False,canonical,T,2,2,raw/4121nm_eom_090c5.csv|temperature_EOM/4121nm_eom_090c5.csv,
rulers_t/4154nm_eom_110c1.csv,be5892f2766fd3f495c3a59231cf7efb,ruler_t,4154,110,,True,,1,False,canonical,T,1,2,raw/4154nm_eom_110c1.csv|temperature_EOM/4154nm_eom_110c1.csv,
rulers_t/4154nm_eom_110c2.csv,47149adbccdd753fbe4a3f25baf23f2c,ruler_t,4154,110,,True,,2,False,canonical,T,1,2,raw/4154nm_eom_110c2.csv|temperature_EOM/4154nm_eom_110c2.csv,
rulers_t/4154nm_eom_110c3.csv,c0742a097f41c9d03376b1e03814cc95,ruler_t,4154,110,,True,,3,False,canonical,T,1,2,raw/4154nm_eom_110c3.csv|temperature_EOM/4154nm_eom_110c3.csv,
rulers_t/4154nm_eom_110c4.csv,d185b2ab6b73985c16abc3a72ed3fb6e,ruler_t,4154,110,,True,,4,False,canonical,T,1,2,raw/4154nm_eom_110c4.csv|temperature_EOM/4154nm_eom_110c4.csv,
rulers_t/4154nm_eom_110c5.csv,9d6daa79aee07250898a0cf205bd93b9,ruler_t,4154,110,,True,,5,False,canonical,T,1,2,raw/4154nm_eom_110c5.csv|temperature_EOM/4154nm_eom_110c5.csv,
rulers_t/4154nm_eom_070c1.csv,107d858f24740e562dd4b4769447cafb,ruler_t,4154,70,,True,,1,False,canonical,T,3,2,raw/4154nm_eom_070c1.csv|temperature_EOM/4154nm_eom_070c1.csv,
rulers_t/4154nm_eom_070c2.csv,025034af0a2c5d02889a88b60201ab2b,ruler_t,4154,70,,True,,2,False,canonical,T,3,2,raw/4154nm_eom_070c2.csv|temperature_EOM/4154nm_eom_070c2.csv,
rulers_t/4154nm_eom_070c3.csv,2e1ba58a31231a30aa238e9b219d15ec,ruler_t,4154,70,,True,,3,False,canonical,T,3,2,raw/4154nm_eom_070c3.csv|temperature_EOM/4154nm_eom_070c3.csv,
rulers_t/4154nm_eom_070c4.csv,beedbf6973e9797af463b338c208b6d3,ruler_t,4154,70,,True,,4,False,canonical,T,3,2,raw/4154nm_eom_070c4.csv|temperature_EOM/4154nm_eom_070c4.csv,
rulers_t/4154nm_eom_070c5.csv,e8023a7ac2215b9bb9295e7e6ad7fc05,ruler_t,4154,70,,True,,5,False,canonical,T,3,2,raw/4154nm_eom_070c5.csv|temperature_EOM/4154nm_eom_070c5.csv,
rulers_t/4154nm_eom_090c1.csv,d38a0f3702bd48b1e1d65f0abd2bf476,ruler_t,4154,90,,True,,1,False,canonical,T,2,2,raw/4154nm_eom_090c1.csv|temperature_EOM/4154nm_eom_090c1.csv,
rulers_t/4154nm_eom_090c2.csv,26888831b1c61ee5f3f0b73584fd90e1,ruler_t,4154,90,,True,,2,False,canonical,T,2,2,raw/4154nm_eom_090c2.csv|temperature_EOM/4154nm_eom_090c2.csv,
rulers_t/4154nm_eom_090c3.csv,cb0792d800e1dc80b5796bc6c9e8cdcd,ruler_t,4154,90,,True,,3,False,canonical,T,2,2,raw/4154nm_eom_090c3.csv|temperature_EOM/4154nm_eom_090c3.csv,
rulers_t/4154nm_eom_090c4.csv,d51dbd3deafd52763bc36593f2b51106,ruler_t,4154,90,,True,,4,False,canonical,T,2,2,raw/4154nm_eom_090c4.csv|temperature_EOM/4154nm_eom_090c4.csv,
rulers_t/4154nm_eom_090c5.csv,abbf8235145e95fe6a06617575b4b600,ruler_t,4154,90,,True,,5,False,canonical,T,2,2,raw/4154nm_eom_090c5.csv|temperature_EOM/4154nm_eom_090c5.csv,
rulers_t/4192nm_eom_110c1.csv,2334455305fb61452b32319ea97b126e,ruler_t,4192,110,,True,,1,False,canonical,T,1,2,raw/4192nm_eom_110c1.csv|temperature_EOM/4192nm_eom_110c1.csv,
rulers_t/4192nm_eom_110c2.csv,ad579b6a2201d8553d4169fa7dbf1a92,ruler_t,4192,110,,True,,2,False,canonical,T,1,2,raw/4192nm_eom_110c2.csv|temperature_EOM/4192nm_eom_110c2.csv,
rulers_t/4192nm_eom_110c3.csv,ab891f7c8690401dae7dfa5d185178be,ruler_t,4192,110,,True,,3,False,canonical,T,1,2,raw/4192nm_eom_110c3.csv|temperature_EOM/4192nm_eom_110c3.csv,
rulers_t/4192nm_eom_110c4.csv,a7bec3998e3cc598be882ea9e58ec596,ruler_t,4192,110,,True,,4,False,canonical,T,1,2,raw/4192nm_eom_110c4.csv|temperature_EOM/4192nm_eom_110c4.csv,
rulers_t/4192nm_eom_110c5.csv,dfc82f7f4476ce466c6ee0cda0ef5225,ruler_t,4192,110,,True,,5,False,canonical,T,1,2,raw/4192nm_eom_110c5.csv|temperature_EOM/4192nm_eom_110c5.csv,
rulers_t/4192nm_eom_070c1.csv,f9393d0d0b37a72c265e2dadd9c7b7e7,ruler_t,4192,70,,True,,1,False,canonical,T,3,2,raw/4192nm_eom_070c1.csv|temperature_EOM/4192nm_eom_070c1.csv,
rulers_t/4192nm_eom_070c2.csv,64cc048582fd6a798398d4c7785355b5,ruler_t,4192,70,,True,,2,False,canonical,T,3,2,raw/4192nm_eom_070c2.csv|temperature_EOM/4192nm_eom_070c2.csv,
rulers_t/4192nm_eom_070c3.csv,5cb906ac9f48f6a274fe233c30d9cc1c,ruler_t,4192,70,,True,,3,False,canonical,T,3,2,raw/4192nm_eom_070c3.csv|temperature_EOM/4192nm_eom_070c3.csv,
rulers_t/4192nm_eom_070c4.csv,9cc71ff203440b5cae6b74c8c47d3db2,ruler_t,4192,70,,True,,4,False,canonical,T,3,2,raw/4192nm_eom_070c4.csv|temperature_EOM/4192nm_eom_070c4.csv,
rulers_t/4192nm_eom_070c5.csv,3b73729699e99a7892ccb7f071b71ce8,ruler_t,4192,70,,True,,5,False,canonical,T,3,2,raw/4192nm_eom_070c5.csv|temperature_EOM/4192nm_eom_070c5.csv,
rulers_t/4192nm_eom_090c1.csv,eeed78a81f56ed8803de20598ba0a1ba,ruler_t,4192,90,,True,,1,False,canonical,T,2,2,raw/4192nm_eom_090c1.csv|temperature_EOM/4192nm_eom_090c1.csv,
rulers_t/4192nm_eom_090c2.csv,c5ed929c39f28a582c2b24c3c7b85478,ruler_t,4192,90,,True,,2,False,canonical,T,2,2,raw/4192nm_eom_090c2.csv|temperature_EOM/4192nm_eom_090c2.csv,
rulers_t/4192nm_eom_090c3.csv,dcb01abab5f76ace0f1dfca4c0231f42,ruler_t,4192,90,,True,,3,False,canonical,T,2,4,raw/4192nm_eom_090c3.csv|raw/4192nm_eom_090c4.csv|temperature_EOM/4192nm_eom_090c3.csv|temperature_EOM/4192nm_eom_090c4.csv,
rulers_t/4192nm_eom_090c5.csv,26f6b98f17491a6fadc34c747554951a,ruler_t,4192,90,,True,,5,False,canonical,T,2,2,raw/4192nm_eom_090c5.csv|temperature_EOM/4192nm_eom_090c5.csv,
rulers_t/4192nm_eom_090c6.csv,27d07d2d1118b3967e05ff474e2b2f0f,ruler_t,4192,90,,True,,6,False,canonical,T,2,2,raw/4192nm_eom_090c6.csv|temperature_EOM/4192nm_eom_090c6.csv,
rulers_t/4207nm_eom_110c1.csv,c17a317095f27279243b34ca64e0d69f,ruler_t,4207,110,,True,,1,False,canonical,T,1,2,raw/4207nm_eom_110c1.csv|temperature_EOM/4207nm_eom_110c1.csv,
rulers_t/4207nm_eom_110c2.csv,35efa8757bb1494229ebd4e1fc557126,ruler_t,4207,110,,True,,2,False,canonical,T,1,2,raw/4207nm_eom_110c2.csv|temperature_EOM/4207nm_eom_110c2.csv,
rulers_t/4207nm_eom_110c3.csv,61c83ba610fedcf045580969729a98d0,ruler_t,4207,110,,True,,3,False,canonical,T,1,2,raw/4207nm_eom_110c3.csv|temperature_EOM/4207nm_eom_110c3.csv,
rulers_t/4207nm_eom_110c4.csv,f30103ab290559999b33d414683eba28,ruler_t,4207,110,,True,,4,False,canonical,T,1,2,raw/4207nm_eom_110c4.csv|temperature_EOM/4207nm_eom_110c4.csv,
rulers_t/4207nm_eom_110c5.csv,ba1b29eb4e453b1dd217b5fba804c701,ruler_t,4207,110,,True,,5,False,canonical,T,1,2,raw/4207nm_eom_110c5.csv|temperature_EOM/4207nm_eom_110c5.csv,
rulers_t/4207nm_eom_070c1.csv,4355be82ab8add7e794cb516d4f7d670,ruler_t,4207,70,,True,,1,False,canonical,T,3,2,raw/4207nm_eom_070c1.csv|temperature_EOM/4207nm_eom_070c1.csv,
rulers_t/4207nm_eom_070c2.csv,808fe8d2194100889a7fb037bae196a7,ruler_t,4207,70,,True,,2,False,canonical,T,3,2,raw/4207nm_eom_070c2.csv|temperature_EOM/4207nm_eom_070c2.csv,
rulers_t/4207nm_eom_070c3.csv,3be164f79b74f654ac09b0004e9ba113,ruler_t,4207,70,,True,,3,False,canonical,T,3,2,raw/4207nm_eom_070c3.csv|temperature_EOM/4207nm_eom_070c3.csv,
rulers_t/4207nm_eom_070c4.csv,f61315305db4907cc82710913ec55e74,ruler_t,4207,70,,True,,4,False,canonical,T,3,2,raw/4207nm_eom_070c4.csv|temperature_EOM/4207nm_eom_070c4.csv,
rulers_t/4207nm_eom_070c5.csv,54c03dc6363a03a3ee2ee997b311999f,ruler_t,4207,70,,True,,5,False,canonical,T,3,2,raw/4207nm_eom_070c5.csv|temperature_EOM/4207nm_eom_070c5.csv,
rulers_t/4207nm_eom_090c1.csv,01939ff544ef94fa492aafc575d2f056,ruler_t,4207,90,,True,,1,False,canonical,T,2,2,raw/4207nm_eom_090c1.csv|temperature_EOM/4207nm_eom_090c1.csv,
rulers_t/4207nm_eom_090c2.csv,86ba65b15ef510d5bc25cba5aec134f0,ruler_t,4207,90,,True,,2,False,canonical,T,2,2,raw/4207nm_eom_090c2.csv|temperature_EOM/4207nm_eom_090c2.csv,
rulers_t/4207nm_eom_090c3.csv,307414e6cd031c2c96feab0f120d8b63,ruler_t,4207,90,,True,,3,False,canonical,T,2,2,raw/4207nm_eom_090c3.csv|temperature_EOM/4207nm_eom_090c3.csv,
rulers_t/4207nm_eom_090c4.csv,e0a2e9dc31224d3dcf759edbbc568ca1,ruler_t,4207,90,,True,,4,False,canonical,T,2,2,raw/4207nm_eom_090c4.csv|temperature_EOM/4207nm_eom_090c4.csv,
rulers_t/4207nm_eom_090c5.csv,b72979ccef4a27548aff65756edce71f,ruler_t,4207,90,,True,,5,False,canonical,T,2,2,raw/4207nm_eom_090c5.csv|temperature_EOM/4207nm_eom_090c5.csv,
rulers_t/4207nm_eom_090c6.csv,13c366886131bba09f4512442a57bd0d,ruler_t,4207,90,,True,,6,False,canonical,T,2,2,raw/4207nm_eom_090c6.csv|temperature_EOM/4207nm_eom_090c6.csv,
t_sweep/4121nm_110c1.csv,f42a6df078fc9d678afda13ae560321c,t_sweep,4121,110,,False,,1,False,canonical,T,1,2,raw/4121nm_110c1.csv|temperature/4121nm_110c1.csv,
t_sweep/4121nm_110c2.csv,8cd92b4eeb89d2a92bbca1786fa8031f,t_sweep,4121,110,,False,,2,False,canonical,T,1,2,raw/4121nm_110c2.csv|temperature/4121nm_110c2.csv,
t_sweep/4121nm_110c3.csv,bee53200f2c4f12ee8c6b807ff1992ec,t_sweep,4121,110,,False,,3,False,canonical,T,1,2,raw/4121nm_110c3.csv|temperature/4121nm_110c3.csv,
t_sweep/4121nm_110c4.csv,040def4e888ce28e9a06f29e0b04f4b2,t_sweep,4121,110,,False,,4,False,canonical,T,1,2,raw/4121nm_110c4.csv|temperature/4121nm_110c4.csv,
t_sweep/4121nm_110c5.csv,754b5c17f390c3068dadbbcd190b1fd8,t_sweep,4121,110,,False,,5,False,canonical,T,1,2,raw/4121nm_110c5.csv|temperature/4121nm_110c5.csv,
t_sweep/4121nm_070c1.csv,d8f2414f886add5b1a9aa3b7f3ca4a7a,t_sweep,4121,70,,False,,1,False,canonical,T,3,2,raw/4121nm_070c1.csv|temperature/4121nm_070c1.csv,
t_sweep/4121nm_070c2.csv,f210803f8a694d021d8e2559eb184365,t_sweep,4121,70,,False,,2,False,canonical,T,3,2,raw/4121nm_070c2.csv|temperature/4121nm_070c2.csv,
t_sweep/4121nm_070c3.csv,41774c464046ed974a7202080dabd76e,t_sweep,4121,70,,False,,3,False,canonical,T,3,2,raw/4121nm_070c3.csv|temperature/4121nm_070c3.csv,
t_sweep/4121nm_070c4.csv,eb6f4a399844f8dbcb04db33bfec8e23,t_sweep,4121,70,,False,,4,False,canonical,T,3,2,raw/4121nm_070c4.csv|temperature/4121nm_070c4.csv,
t_sweep/4121nm_070c5.csv,2fd5bd62d6bc170a94c17773ed97646d,t_sweep,4121,70,,False,,5,False,canonical,T,3,2,raw/4121nm_070c5.csv|temperature/4121nm_070c5.csv,
t_sweep/4121nm_090c1.csv,c7163a18afb114f28e8cec38eb27de57,t_sweep,4121,90,,False,,1,False,canonical,T,2,2,raw/4121nm_090c1.csv|temperature/4121nm_090c1.csv,
t_sweep/4121nm_090c2.csv,7e835b1d220fc83931d65121e556a94e,t_sweep,4121,90,,False,,2,False,canonical,T,2,2,raw/4121nm_090c2.csv|temperature/4121nm_090c2.csv,
t_sweep/4121nm_090c3.csv,bc403d84e3762af1eabfdb410b124502,t_sweep,4121,90,,False,,3,False,canonical,T,2,2,raw/4121nm_090c3.csv|temperature/4121nm_090c3.csv,
t_sweep/4121nm_090c4.csv,c6ca9884dad09c77899aab64237b903e,t_sweep,4121,90,,False,,4,False,canonical,T,2,2,raw/4121nm_090c4.csv|temperature/4121nm_090c4.csv,
t_sweep/4121nm_090c5.csv,cd2dfe1ad213c423b7de542e44162bb0,t_sweep,4121,90,,False,,5,False,canonical,T,2,2,raw/4121nm_090c5.csv|temperature/4121nm_090c5.csv,
t_sweep/4154nm_110c1.csv,51f3b3ce513c5ff8c41bd98daf3bb681,t_sweep,4154,110,,False,,1,False,canonical,T,1,2,raw/4154nm_110c1.csv|temperature/4154nm_110c1.csv,
t_sweep/4154nm_110c2.csv,0a4de92523f6e36e74798067b58448bd,t_sweep,4154,110,,False,,2,False,canonical,T,1,2,raw/4154nm_110c2.csv|temperature/4154nm_110c2.csv,
t_sweep/4154nm_110c3.csv,e54200bbe28583533a863a3216dca8ae,t_sweep,4154,110,,False,,3,False,canonical,T,1,2,raw/4154nm_110c3.csv|temperature/4154nm_110c3.csv,
t_sweep/4154nm_110c4.csv,1f49b625390646f46bfe2e22a0c600d2,t_sweep,4154,110,,False,,4,False,canonical,T,1,2,raw/4154nm_110c4.csv|temperature/4154nm_110c4.csv,
t_sweep/4154nm_110c5.csv,43fe760d31bc474dcfec7abbbb3bc7ad,t_sweep,4154,110,,False,,5,False,canonical,T,1,2,raw/4154nm_110c5.csv|temperature/4154nm_110c5.csv,
t_sweep/4154nm_070c1.csv,cfe739fa808f1234c9a5e504b6b2e4de,t_sweep,4154,70,,False,,1,False,canonical,T,3,4,raw/4154nm_070c1.csv|raw/4154nm_070c2.csv|temperature/4154nm_070c1.csv|temperature/4154nm_070c2.csv,
t_sweep/4154nm_070c3.csv,b6090e3112c0b80e06f6a3082bc72636,t_sweep,4154,70,,False,,3,False,canonical,T,3,2,raw/4154nm_070c3.csv|temperature/4154nm_070c3.csv,
t_sweep/4154nm_070c4.csv,5cde82d0a00534177407b55909aa2ea4,t_sweep,4154,70,,False,,4,False,canonical,T,3,2,raw/4154nm_070c6.csv|temperature/4154nm_070c4.csv,
discarded/4154nm_070c4.csv,d772fbb4ceb847f1d43ca4140a86a19b,t_sweep,4154,70,,False,,4,False,discarded,T,3,1,raw/4154nm_070c4.csv,"curation discard: ~27% dimmer than its repeat siblings (zsib_height=-3.1, the one objective per-trace defect; curation audit, DATA.md)"
t_sweep/4154nm_070c5.csv,b213f15e7fe229840786c1a8eb0431f3,t_sweep,4154,70,,False,,5,False,canonical,T,3,2,raw/4154nm_070c5.csv|temperature/4154nm_070c5.csv,
t_sweep/4154nm_090c1.csv,b4d746fbb465ed613fb21e7c86e6dfee,t_sweep,4154,90,,False,,1,False,canonical,T,2,2,raw/4154nm_090c1.csv|temperature/4154nm_090c1.csv,
t_sweep/4154nm_090c2.csv,cf1de53d9705ce0569231c8e58aebc66,t_sweep,4154,90,,False,,2,False,canonical,T,2,2,raw/4154nm_090c2.csv|temperature/4154nm_090c2.csv,
t_sweep/4154nm_090c3.csv,56a62ce818627bf52cb13df17a57021f,t_sweep,4154,90,,False,,3,False,canonical,T,2,2,raw/4154nm_090c3.csv|temperature/4154nm_090c3.csv,
t_sweep/4154nm_090c4.csv,cc7786b65fe1708fda2050ec870e2d03,t_sweep,4154,90,,False,,4,False,canonical,T,2,2,raw/4154nm_090c4.csv|temperature/4154nm_090c4.csv,
t_sweep/4154nm_090c5.csv,024e75894c62c044624bb94a6d7856ba,t_sweep,4154,90,,False,,5,False,canonical,T,2,2,raw/4154nm_090c5.csv|temperature/4154nm_090c5.csv,
t_sweep/4192nm_110c1.csv,deb39ba2f38a5f3bc31c3c36f7ff99b4,t_sweep,4192,110,,False,,1,False,canonical,T,1,2,raw/4192nm_110c1.csv|temperature/4192nm_110c1.csv,
t_sweep/4192nm_110c2.csv,a26a5a8db66ebff4452e3bb77f917fc9,t_sweep,4192,110,,False,,2,False,canonical,T,1,2,raw/4192nm_110c2.csv|temperature/4192nm_110c2.csv,
t_sweep/4192nm_110c3.csv,245441f005423380e66635f8eeffc871,t_sweep,4192,110,,False,,3,False,canonical,T,1,2,raw/4192nm_110c3.csv|temperature/4192nm_110c3.csv,
t_sweep/4192nm_110c4.csv,4ce3ca00f421ff4ed1cd572fb5dc4722,t_sweep,4192,110,,False,,4,False,canonical,T,1,2,raw/4192nm_110c4.csv|temperature/4192nm_110c4.csv,
t_sweep/4192nm_110c5.csv,a13d767259a0c8edf2eefc558d1a6054,t_sweep,4192,110,,False,,5,False,canonical,T,1,2,raw/4192nm_110c5.csv|temperature/4192nm_110c5.csv,
t_sweep/4192nm_070c1.csv,aeb4a01bd95c46e1e9615a00c2fe3c23,t_sweep,4192,70,,False,,1,False,canonical,T,3,2,raw/4192nm_070c1.csv|temperature/4192nm_070c1.csv,
t_sweep/4192nm_070c2.csv,438b81e82ee3639b772383c893713575,t_sweep,4192,70,,False,,2,False,canonical,T,3,2,raw/4192nm_070c2.csv|temperature/4192nm_070c2.csv,
t_sweep/4192nm_070c3.csv,8cb2bed48da102b5d3c27d9bb42b5ecf,t_sweep,4192,70,,False,,3,False,canonical,T,3,2,raw/4192nm_070c3.csv|temperature/4192nm_070c3.csv,
t_sweep/4192nm_070c4.csv,afecc05bb688e934ba73bf69d0853414,t_sweep,4192,70,,False,,4,False,canonical,T,3,2,raw/4192nm_070c4.csv|temperature/4192nm_070c4.csv,
t_sweep/4192nm_070c5.csv,12a6c617e1f8875d8f266c572d518ac3,t_sweep,4192,70,,False,,5,False,canonical,T,3,2,raw/4192nm_070c5.csv|temperature/4192nm_070c5.csv,
t_sweep/4192nm_090c1.csv,f3a45bc8e370fadd7c58793edeac34c0,t_sweep,4192,90,,False,,1,False,canonical,T,2,2,raw/4192nm_090c1.csv|temperature/4192nm_090c1.csv,
t_sweep/4192nm_090c2.csv,57d5ba15e372ee68dc606068cbcee6cf,t_sweep,4192,90,,False,,2,False,canonical,T,2,2,raw/4192nm_090c2.csv|temperature/4192nm_090c2.csv,
t_sweep/4192nm_090c3.csv,a6cb11a15680331e83fad281e5a12c3e,t_sweep,4192,90,,False,,3,False,canonical,T,2,2,raw/4192nm_090c6.csv|temperature/4192nm_090c3.csv,
discarded/4192nm_090c3.csv,b93b04371c68e887637a672709235736,t_sweep,4192,90,,False,,3,False,discarded,T,2,1,raw/4192nm_090c3.csv,"curation discard: supernumerary 6th repeat, content clean -- stays excluded by pre-registration (DATA.md)"
t_sweep/4192nm_090c4.csv,c4ec77cc1f252d7a202252fb4c1faf25,t_sweep,4192,90,,False,,4,False,canonical,T,2,2,raw/4192nm_090c4.csv|temperature/4192nm_090c4.csv,
t_sweep/4192nm_090c5.csv,4f78acbf2e809dbd8706a4e7280f8762,t_sweep,4192,90,,False,,5,False,canonical,T,2,2,raw/4192nm_090c5.csv|temperature/4192nm_090c5.csv,
t_sweep/4207nm_110c1.csv,324da5c8073f0c1523ddde8d1ea43f56,t_sweep,4207,110,,False,,1,False,canonical,T,1,2,raw/4207nm_110c1.csv|temperature/4207nm_110c1.csv,
t_sweep/4207nm_110c2.csv,5e43bfe907ca01cf55482c9f05cb1cc9,t_sweep,4207,110,,False,,2,False,canonical,T,1,2,raw/4207nm_110c2.csv|temperature/4207nm_110c2.csv,
t_sweep/4207nm_110c3.csv,a915918240313fcb16f5cff6a62dc9d9,t_sweep,4207,110,,False,,3,False,canonical,T,1,2,raw/4207nm_110c3.csv|temperature/4207nm_110c3.csv,
t_sweep/4207nm_110c4.csv,ca1f98e65af7862877e0d56f10b8851f,t_sweep,4207,110,,False,,4,False,canonical,T,1,2,raw/4207nm_110c4.csv|temperature/4207nm_110c4.csv,
t_sweep/4207nm_110c5.csv,244538f4b49cd3bb2e9f4b4768aca58e,t_sweep,4207,110,,False,,5,False,canonical,T,1,2,raw/4207nm_110c5.csv|temperature/4207nm_110c5.csv,
t_sweep/4207nm_070c1.csv,83f1cb61ac084807499867603671a8b2,t_sweep,4207,70,,False,,1,False,canonical,T,3,2,raw/4207nm_070c1.csv|temperature/4207nm_070c1.csv,
t_sweep/4207nm_070c2.csv,94382e1bd6c2a43509fcada8a66cef47,t_sweep,4207,70,,False,,2,False,canonical,T,3,2,raw/4207nm_070c6.csv|temperature/4207nm_070c2.csv,
discarded/4207nm_070c2.csv,996767ec8291ca09d5209371f78f268b,t_sweep,4207,70,,False,,2,False,discarded,T,3,1,raw/4207nm_070c2.csv,curation discard: indistinguishable from kept siblings (flagged features are block-wide) -- stays excluded by pre-registration (DATA.md)
t_sweep/4207nm_070c3.csv,fe488973b5c78b0994ec81299055c3bb,t_sweep,4207,70,,False,,3,False,canonical,T,3,2,raw/4207nm_070c3.csv|temperature/4207nm_070c3.csv,
t_sweep/4207nm_070c4.csv,315d3e5cf3e4065eb988749532f1daea,t_sweep,4207,70,,False,,4,False,canonical,T,3,2,raw/4207nm_070c4.csv|temperature/4207nm_070c4.csv,
t_sweep/4207nm_070c5.csv,7116c3fc79e4d023d92e838a9da9f636,t_sweep,4207,70,,False,,5,False,canonical,T,3,2,raw/4207nm_070c5.csv|temperature/4207nm_070c5.csv,
t_sweep/4207nm_090c1.csv,9d990f39ce9ef4a0440e76d1d5b0afb7,t_sweep,4207,90,,False,,1,False,canonical,T,2,2,raw/4207nm_090c6.csv|temperature/4207nm_090c1.csv,
t_sweep/4207nm_090c2.csv,2df138a63b4752bf8b114ca484da9b4d,t_sweep,4207,90,,False,,2,False,canonical,T,2,3,raw/4207nm_090c1.csv|raw/4207nm_090c2.csv|temperature/4207nm_090c2.csv,
t_sweep/4207nm_090c3.csv,f0d809c2829e059bfd7ef21d3a93b34a,t_sweep,4207,90,,False,,3,False,canonical,T,2,2,raw/4207nm_090c3.csv|temperature/4207nm_090c3.csv,
t_sweep/4207nm_090c4.csv,3ac267107ab468d8134b9a6eb6fb3f0c,t_sweep,4207,90,,False,,4,False,canonical,T,2,2,raw/4207nm_090c4.csv|temperature/4207nm_090c4.csv,
t_sweep/4207nm_090c5.csv,85602f8a25990c32324fa25afa47e7a0,t_sweep,4207,90,,False,,5,False,canonical,T,2,2,raw/4207nm_090c5.csv|temperature/4207nm_090c5.csv,
